fitmethod,antigenicdist,aaver,adjver,featureType,protein_name,serum,lower,Median,upper
nnls,thai_map,AA_NS2A_beyondE,adj_envelope,aasub,subset,DENV1/THAILAND/1994/00532/94,1.3104872352376016,1.3424353801057616,1.3757303695041823
nnls,thai_map,AA_NS2A_beyondE,adj_envelope,aasub,subset,DENV1/THAILAND/1994/00817/94,0.2779725593368315,0.32552986889788327,0.3748198540193337
nnls,thai_map,AA_NS2A_beyondE,adj_envelope,aasub,subset,DENV1/THAILAND/1994/01495/94,0,0,0
nnls,thai_map,AA_NS2A_beyondE,adj_envelope,aasub,subset,DENV1/THAILAND/1995/00229/95,0,0,0.03983795128275608
nnls,thai_map,AA_NS2A_beyondE,adj_envelope,aasub,subset,DENV1/THAILAND/1995/00257/95,0.04753187757362147,0.08075919577704521,0.10365414214207856
nnls,thai_map,AA_NS2A_beyondE,adj_envelope,aasub,subset,DENV1/THAILAND/1995/00288/95,0.5017010506530952,0.530190963307607,0.5564767904461657
nnls,thai_map,AA_NS2A_beyondE,adj_envelope,aasub,subset,DENV1/THAILAND/1995/00410/95,0.9401538487950233,0.9676188821436202,0.9946899274216596
nnls,thai_map,AA_NS2A_beyondE,adj_envelope,aasub,subset,DENV1/THAILAND/1996/00942/96,1.459328990434233,1.5048995461514585,1.5459466708294038
nnls,thai_map,AA_NS2A_beyondE,adj_envelope,aasub,subset,DENV1/THAILAND/1996/01231/96,0.39624191667661557,0.439355005472396,0.47682150794133826
nnls,thai_map,AA_NS2A_beyondE,adj_envelope,aasub,subset,DENV1/THAILAND/1997/00382/97,0,0,0
nnls,thai_map,AA_NS2A_beyondE,adj_envelope,aasub,subset,DENV1/THAILAND/1997/02080/97,0.9625614274486436,0.9888849797589276,1.0162324458426046
nnls,thai_map,AA_NS2A_beyondE,adj_envelope,aasub,subset,DENV1/THAILAND/1997/02588/97,1.0381141986995317,1.0816781202498016,1.1436013094286193
nnls,thai_map,AA_NS2A_beyondE,adj_envelope,aasub,subset,DENV1/THAILAND/1997/04772/97,0,0,0
nnls,thai_map,AA_NS2A_beyondE,adj_envelope,aasub,subset,DENV1/THAILAND/1998/00141/98,1.121392609609739,1.1469893610581101,1.1988308028891295
nnls,thai_map,AA_NS2A_beyondE,adj_envelope,aasub,subset,DENV1/THAILAND/1998/00422/98,0.4868431275271683,0.5123058237158655,0.5300290553144718
nnls,thai_map,AA_NS2A_beyondE,adj_envelope,aasub,subset,DENV1/THAILAND/1998/02128/98,0,0,0
nnls,thai_map,AA_NS2A_beyondE,adj_envelope,aasub,subset,DENV1/THAILAND/1998/06810/98,1.7729407083402349,1.809094955194769,1.8454173004342538
nnls,thai_map,AA_NS2A_beyondE,adj_envelope,aasub,subset,DENV1/THAILAND/1998/06870/98,0,0,0
nnls,thai_map,AA_NS2A_beyondE,adj_envelope,aasub,subset,DENV1/THAILAND/1999/00380/99,0,0,0
nnls,thai_map,AA_NS2A_beyondE,adj_envelope,aasub,subset,DENV1/THAILAND/1999/00692/99,0.3443602685096277,0.38704344060686147,0.44972269948192545
nnls,thai_map,AA_NS2A_beyondE,adj_envelope,aasub,subset,DENV1/THAILAND/1999/03739/99,1.598098061012646,1.648463481000044,1.7051383379381857
nnls,thai_map,AA_NS2A_beyondE,adj_envelope,aasub,subset,DENV1/THAILAND/2000/01236/00,0.4525192762547374,0.5216793945458755,0.6666267212588606
nnls,thai_map,AA_NS2A_beyondE,adj_envelope,aasub,subset,DENV1/THAILAND/2000/01349/00,0.22793961425241077,0.2874493181315627,0.3618133516639991
nnls,thai_map,AA_NS2A_beyondE,adj_envelope,aasub,subset,DENV1/THAILAND/2000/02059/00,0.34285442613534056,0.3622814937165316,0.392126661399399
nnls,thai_map,AA_NS2A_beyondE,adj_envelope,aasub,subset,DENV1/THAILAND/2000/05580/00,0.6461457777904493,0.6709379565303828,0.6971804210170762
nnls,thai_map,AA_NS2A_beyondE,adj_envelope,aasub,subset,DENV1/THAILAND/2000/05899/00,0.04652500752468639,0.07757388757650693,0.1119347551614293
nnls,thai_map,AA_NS2A_beyondE,adj_envelope,aasub,subset,DENV1/THAILAND/2001/00355/01,0,0,0
nnls,thai_map,AA_NS2A_beyondE,adj_envelope,aasub,subset,DENV1/THAILAND/2001/02633/01,0.24023238374013173,0.27044355787112506,0.30491686560674103
nnls,thai_map,AA_NS2A_beyondE,adj_envelope,aasub,subset,DENV1/THAILAND/2001/04601/01,0.34145679483267566,0.3599223884581064,0.383301741151717
nnls,thai_map,AA_NS2A_beyondE,adj_envelope,aasub,subset,DENV1/THAILAND/2001/04774/01,2.246360674932782,2.2923849307894537,2.347641231299738
nnls,thai_map,AA_NS2A_beyondE,adj_envelope,aasub,subset,DENV1/THAILAND/2002/00644/02,0,0,0
nnls,thai_map,AA_NS2A_beyondE,adj_envelope,aasub,subset,DENV1/THAILAND/2002/00731/02,0,0,0
nnls,thai_map,AA_NS2A_beyondE,adj_envelope,aasub,subset,DENV1/THAILAND/2002/01459/02,0.5654170188035905,0.6038097746518226,0.6419990214915012
nnls,thai_map,AA_NS2A_beyondE,adj_envelope,aasub,subset,DENV1/THAILAND/2002/03030/02,0.7326281227789115,0.7608471272094972,0.7896644053106758
nnls,thai_map,AA_NS2A_beyondE,adj_envelope,aasub,subset,DENV1/THAILAND/2004/00068/04,0,0,0
nnls,thai_map,AA_NS2A_beyondE,adj_envelope,aasub,subset,DENV1/THAILAND/2004/00088/04,0.8484165909622579,0.8979564417708727,0.9396796937250633
nnls,thai_map,AA_NS2A_beyondE,adj_envelope,aasub,subset,DENV1/THAILAND/2004/00477/04,0.3844912762960418,0.40687583585775033,0.4315313155740128
nnls,thai_map,AA_NS2A_beyondE,adj_envelope,aasub,subset,DENV1/THAILAND/2004/00479/04,0,0,0.017850578943777902
nnls,thai_map,AA_NS2A_beyondE,adj_envelope,aasub,subset,DENV1/THAILAND/2004/00725/04,0.3095172835473947,0.3801499684817,0.5192230228116627
nnls,thai_map,AA_NS2A_beyondE,adj_envelope,aasub,subset,DENV1/THAILAND/2004/00758/04,0.7965698112294575,0.8195088984915078,0.8407379195109415
nnls,thai_map,AA_NS2A_beyondE,adj_envelope,aasub,subset,DENV1/THAILAND/2004/00975/04,1.046152631042118,1.0791227420300629,1.1196853824821518
nnls,thai_map,AA_NS2A_beyondE,adj_envelope,aasub,subset,DENV1/THAILAND/2004/01420/04,0.6660156421654049,0.7236107538430335,0.7807521278348435
nnls,thai_map,AA_NS2A_beyondE,adj_envelope,aasub,subset,DENV1/THAILAND/2004/01604/04,0.5322543564763531,0.5592376153522567,0.5849867008093482
nnls,thai_map,AA_NS2A_beyondE,adj_envelope,aasub,subset,DENV1/THAILAND/2005/00743/05,1.0402046660568183,1.0732683261892246,1.1131067625507134
nnls,thai_map,AA_NS2A_beyondE,adj_envelope,aasub,subset,DENV1/THAILAND/2005/00744/05,0.18008625317083393,0.2137732972573409,0.24862551772025002
nnls,thai_map,AA_NS2A_beyondE,adj_envelope,aasub,subset,DENV1/THAILAND/2005/01040/05,0,0,0
nnls,thai_map,AA_NS2A_beyondE,adj_envelope,aasub,subset,DENV1/THAILAND/2006/00007/06,0.14085965249741397,0.168622601462122,0.20203756538714268
nnls,thai_map,AA_NS2A_beyondE,adj_envelope,aasub,subset,DENV1/THAILAND/2006/00113/06,0.7371409231154888,0.7856579885325958,0.8286247773366573
nnls,thai_map,AA_NS2A_beyondE,adj_envelope,aasub,subset,DENV1/THAILAND/2006/00369/06,0.2773949811870912,0.2992991922705384,0.3250063746699129
nnls,thai_map,AA_NS2A_beyondE,adj_envelope,aasub,subset,DENV1/THAILAND/2006/00371/06,0.8525606286692097,0.888543944839856,0.9341049512381627
nnls,thai_map,AA_NS2A_beyondE,adj_envelope,aasub,subset,DENV1/THAILAND/2006/00411/06,0.2011272669846122,0.25707219741449305,0.2977802181529884
nnls,thai_map,AA_NS2A_beyondE,adj_envelope,aasub,subset,DENV1/THAILAND/2006/00418/06,0.27186889785099083,0.3326470709953713,0.3830722581943058
nnls,thai_map,AA_NS2A_beyondE,adj_envelope,aasub,subset,DENV1/THAILAND/2006/00482/06,0.4154884963658003,0.4369633230561778,0.46294794914930393
nnls,thai_map,AA_NS2A_beyondE,adj_envelope,aasub,subset,DENV1/THAILAND/2006/00555/06,0.4116040144873573,0.43676378319296594,0.45438736174429756
nnls,thai_map,AA_NS2A_beyondE,adj_envelope,aasub,subset,DENV1/THAILAND/2006/01001/06,0.3343109150218221,0.3513092216620923,0.3720684893890105
nnls,thai_map,AA_NS2A_beyondE,adj_envelope,aasub,subset,DENV1/THAILAND/2006/01038/06,0,0,0
nnls,thai_map,AA_NS2A_beyondE,adj_envelope,aasub,subset,DENV1/THAILAND/2006/01170/06,0.6774657400133318,0.7107409004753398,0.7432240573334871
nnls,thai_map,AA_NS2A_beyondE,adj_envelope,aasub,subset,DENV1/THAILAND/2006/01332/06,0.6333744632573536,0.6639690681212245,0.6895227302815004
nnls,thai_map,AA_NS2A_beyondE,adj_envelope,aasub,subset,DENV1/THAILAND/2006/01448/06,0.5532882394809903,0.6270673540203622,0.728698425467522
nnls,thai_map,AA_NS2A_beyondE,adj_envelope,aasub,subset,DENV1/THAILAND/2006/01831/06,0.30415917083165533,0.3573462244566351,0.38296602490174325
nnls,thai_map,AA_NS2A_beyondE,adj_envelope,aasub,subset,DENV1/THAILAND/2006/01932/06,1.330530591766971,1.4008380610851958,1.4465910066477607
nnls,thai_map,AA_NS2A_beyondE,adj_envelope,aasub,subset,DENV1/THAILAND/2006/01934/06,0.4962817400389696,0.5270937658508222,0.5682512297424375
nnls,thai_map,AA_NS2A_beyondE,adj_envelope,aasub,subset,DENV1/THAILAND/2006/02050/06,0.711702163581389,0.735405269636338,0.759898815820206
nnls,thai_map,AA_NS2A_beyondE,adj_envelope,aasub,subset,DENV1/THAILAND/2006/02193/06,0.8869472577060287,0.9138584083743793,0.9497729313224643
nnls,thai_map,AA_NS2A_beyondE,adj_envelope,aasub,subset,DENV1/THAILAND/2006/02340/06,1.574214859517932,1.6377741118664542,1.690854798107118
nnls,thai_map,AA_NS2A_beyondE,adj_envelope,aasub,subset,DENV1/THAILAND/2006/02509/06,1.101188088920581,1.1222035247703392,1.1474077079357858
nnls,thai_map,AA_NS2A_beyondE,adj_envelope,aasub,subset,DENV1/THAILAND/2007/01479/07,0.9495105725580789,0.9760857140068077,1.0154203055445337
nnls,thai_map,AA_NS2A_beyondE,adj_envelope,aasub,subset,DENV1/THAILAND/2010/00792/10,1.4105266758121013,1.46761092246033,1.5142078164492832
nnls,thai_map,AA_NS2A_beyondE,adj_envelope,aasub,subset,DENV1/THAILAND/2010/01327/10,1.6450755220927937,1.6869870527673017,1.7405198866398401
nnls,thai_map,AA_NS2A_beyondE,adj_envelope,aasub,subset,DENV1/THAILAND/2010/01510/10,0.23570224508168,0.2778572732899748,0.32077770376138526
nnls,thai_map,AA_NS2A_beyondE,adj_envelope,aasub,subset,DENV1/THAILAND/2010/01518/10,1.1220999400594738,1.1682452027097254,1.2285786956161224
nnls,thai_map,AA_NS2A_beyondE,adj_envelope,aasub,subset,DENV1/THAILAND/2011/00330/11,0.9878139169023998,1.035778019515337,1.0865046758150507
nnls,thai_map,AA_NS2A_beyondE,adj_envelope,aasub,subset,DENV1/THAILAND/2011/00577/11,1.4065876302749625,1.4530504344350847,1.5013675674473803
nnls,thai_map,AA_NS2A_beyondE,adj_envelope,aasub,subset,DENV1/THAILAND/2011/01392/11,1.3570138463036894,1.4157736940086196,1.4650371543511904
nnls,thai_map,AA_NS2A_beyondE,adj_envelope,aasub,subset,DENV1/THAILAND/2011/01450/11,1.4065418754259715,1.4633887507711094,1.5169501729777501
nnls,thai_map,AA_NS2A_beyondE,adj_envelope,aasub,subset,DENV1/THAILAND/2012/00511/12,0.49076434143866987,0.5477531144883029,0.5940073226096505
nnls,thai_map,AA_NS2A_beyondE,adj_envelope,aasub,subset,DENV1/THAILAND/2012/00777/12,0.41744423123392915,0.46859675779569315,0.508806964366589
nnls,thai_map,AA_NS2A_beyondE,adj_envelope,aasub,subset,DENV1/THAILAND/2012/00829/12,1.2803311037466694,1.3234836555687175,1.3628140971268625
nnls,thai_map,AA_NS2A_beyondE,adj_envelope,aasub,subset,DENV1/THAILAND/2012/01133/12,1.0056536430163883,1.0560770738284848,1.1010608265916697
nnls,thai_map,AA_NS2A_beyondE,adj_envelope,aasub,subset,DENV1/THAILAND/2013/00090/13,0,0,0
nnls,thai_map,AA_NS2A_beyondE,adj_envelope,aasub,subset,DENV1/THAILAND/2013/00297/13,0.8890423170611623,0.9279873300358086,0.993319683481451
nnls,thai_map,AA_NS2A_beyondE,adj_envelope,aasub,subset,DENV1/THAILAND/2013/00343/13,1.604172963006703,1.6511054290484424,1.688352007383818
nnls,thai_map,AA_NS2A_beyondE,adj_envelope,aasub,subset,DENV1/THAILAND/2013/00485/13,1.820648551867623,1.8517552681407756,1.9086200728628677
nnls,thai_map,AA_NS2A_beyondE,adj_envelope,aasub,subset,DENV1/THAILAND/2014/00444/14,0.9594666095024451,0.9934307338934943,1.0304966442230397
nnls,thai_map,AA_NS2A_beyondE,adj_envelope,aasub,subset,DENV1/THAILAND/2014/00485/14,0.8611898879261389,0.9329988585873457,0.9605420557559542
nnls,thai_map,AA_NS2A_beyondE,adj_envelope,aasub,subset,DENV1/THAILAND/2014/00554/14,0.6988573333087972,0.7661620487464473,0.7933393429690909
nnls,thai_map,AA_NS2A_beyondE,adj_envelope,aasub,subset,DENV1/THAILAND/2014/00725/14,1.024549207868985,1.1093128385745366,1.163696000843721
nnls,thai_map,AA_NS2A_beyondE,adj_envelope,aasub,subset,DENV2/THAILAND/1994/00126/94,0.29080795686863514,0.37958526067313325,0.45035530928327555
nnls,thai_map,AA_NS2A_beyondE,adj_envelope,aasub,subset,DENV2/THAILAND/1994/00327/94,0.700501387574179,0.7773204085767607,0.8458719934566207
nnls,thai_map,AA_NS2A_beyondE,adj_envelope,aasub,subset,DENV2/THAILAND/1994/00523/94,1.15052679594484,1.1721977140908095,1.1935533390993127
nnls,thai_map,AA_NS2A_beyondE,adj_envelope,aasub,subset,DENV2/THAILAND/1994/01414/94,0.4004687844914908,0.5183231337316427,0.6291752137603628
nnls,thai_map,AA_NS2A_beyondE,adj_envelope,aasub,subset,DENV2/THAILAND/1995/00773/95,0.574374576637321,0.598113851350332,0.6186319728559269
nnls,thai_map,AA_NS2A_beyondE,adj_envelope,aasub,subset,DENV2/THAILAND/1995/00775/95,0.9131743578269418,0.9467520884996934,0.9885053969048077
nnls,thai_map,AA_NS2A_beyondE,adj_envelope,aasub,subset,DENV2/THAILAND/1995/00976/95,1.161096815184828,1.194935425216685,1.226049909532187
nnls,thai_map,AA_NS2A_beyondE,adj_envelope,aasub,subset,DENV2/THAILAND/1995/01656/95,0.6424142048332846,0.6674624462749414,0.69637520315315
nnls,thai_map,AA_NS2A_beyondE,adj_envelope,aasub,subset,DENV2/THAILAND/1995/01800/95,0.9425861501694807,0.9627140259227043,0.9848673427838985
nnls,thai_map,AA_NS2A_beyondE,adj_envelope,aasub,subset,DENV2/THAILAND/1996/00024/96,1.0767301394535103,1.141762379843215,1.178966286804054
nnls,thai_map,AA_NS2A_beyondE,adj_envelope,aasub,subset,DENV2/THAILAND/1996/01163/96,1.131578385501396,1.172334283665821,1.2005884117737362
nnls,thai_map,AA_NS2A_beyondE,adj_envelope,aasub,subset,DENV2/THAILAND/1996/01175/96,0,0,0
nnls,thai_map,AA_NS2A_beyondE,adj_envelope,aasub,subset,DENV2/THAILAND/1996/01309/96,0.2822203385050941,0.3120808289385826,0.33344977286863886
nnls,thai_map,AA_NS2A_beyondE,adj_envelope,aasub,subset,DENV2/THAILAND/1996/02561/96,1.0766869173554554,1.1162493174263421,1.1398081167190592
nnls,thai_map,AA_NS2A_beyondE,adj_envelope,aasub,subset,DENV2/THAILAND/1997/05107/97,0,0,0
nnls,thai_map,AA_NS2A_beyondE,adj_envelope,aasub,subset,DENV2/THAILAND/1998/00309/98,0.8719148928828802,0.9050953551944461,0.9463492971249174
nnls,thai_map,AA_NS2A_beyondE,adj_envelope,aasub,subset,DENV2/THAILAND/1998/00441/98,0.25003590461657205,0.26872196720819397,0.2982922503715281
nnls,thai_map,AA_NS2A_beyondE,adj_envelope,aasub,subset,DENV2/THAILAND/1998/00554/98,0.6670299444106107,0.6924800407948093,0.7159142640915328
nnls,thai_map,AA_NS2A_beyondE,adj_envelope,aasub,subset,DENV2/THAILAND/1998/01718/98,0,0,0.0033471077379669525
nnls,thai_map,AA_NS2A_beyondE,adj_envelope,aasub,subset,DENV2/THAILAND/1998/04648/98,0.7168399280431915,0.7531817129824638,0.7998296878412343
nnls,thai_map,AA_NS2A_beyondE,adj_envelope,aasub,subset,DENV2/THAILAND/1998/06160/98,1.348597194587071,1.3777168988390218,1.412642380389382
nnls,thai_map,AA_NS2A_beyondE,adj_envelope,aasub,subset,DENV2/THAILAND/1998/06895/98,0.5848024866426982,0.6153467731077418,0.6418400920887097
nnls,thai_map,AA_NS2A_beyondE,adj_envelope,aasub,subset,DENV2/THAILAND/1999/04177/99,0.6493486875688702,0.6918410307683874,0.7364082290502898
nnls,thai_map,AA_NS2A_beyondE,adj_envelope,aasub,subset,DENV2/THAILAND/2000/00342/00,0.5506962858338678,0.5790160272327536,0.6015713113162413
nnls,thai_map,AA_NS2A_beyondE,adj_envelope,aasub,subset,DENV2/THAILAND/2000/01695/00,0,0,0.004191507417771408
nnls,thai_map,AA_NS2A_beyondE,adj_envelope,aasub,subset,DENV2/THAILAND/2000/01754/00,0.9457698550405996,0.9700222418930295,1.0033915916423135
nnls,thai_map,AA_NS2A_beyondE,adj_envelope,aasub,subset,DENV2/THAILAND/2000/05512/00,1.0321528268177063,1.0573504080303535,1.0881974943451431
nnls,thai_map,AA_NS2A_beyondE,adj_envelope,aasub,subset,DENV2/THAILAND/2000/05529/00,1.2822833101483333,1.3130426568296216,1.3533073141602288
nnls,thai_map,AA_NS2A_beyondE,adj_envelope,aasub,subset,DENV2/THAILAND/2000/05855/00,1.532115321195021,1.6042318692669792,1.6749141977563387
nnls,thai_map,AA_NS2A_beyondE,adj_envelope,aasub,subset,DENV2/THAILAND/2000/06013/00,0.788046426368917,0.8111345310887172,0.832941071281273
nnls,thai_map,AA_NS2A_beyondE,adj_envelope,aasub,subset,DENV2/THAILAND/2001/02860/01,0,0,0
nnls,thai_map,AA_NS2A_beyondE,adj_envelope,aasub,subset,DENV2/THAILAND/2001/02900/01,0.6940002001986778,0.7188517442880265,0.7443309178775641
nnls,thai_map,AA_NS2A_beyondE,adj_envelope,aasub,subset,DENV2/THAILAND/2001/03244/01,2.152624492677851,2.1847584255479564,2.22271011552165
nnls,thai_map,AA_NS2A_beyondE,adj_envelope,aasub,subset,DENV2/THAILAND/2001/03693/01,1.1823686991596178,1.212616639774346,1.2450995859747023
nnls,thai_map,AA_NS2A_beyondE,adj_envelope,aasub,subset,DENV2/THAILAND/2001/06096/01,0,0,0
nnls,thai_map,AA_NS2A_beyondE,adj_envelope,aasub,subset,DENV2/THAILAND/2002/00060/02,0.9186403466536497,0.9443980636404538,0.9700247811440259
nnls,thai_map,AA_NS2A_beyondE,adj_envelope,aasub,subset,DENV2/THAILAND/2002/01050/02,1.1735173287207916,1.1961312581266492,1.22313166814425
nnls,thai_map,AA_NS2A_beyondE,adj_envelope,aasub,subset,DENV2/THAILAND/2002/02678/02,1.4806459841139938,1.5042159345145536,1.532407684615153
nnls,thai_map,AA_NS2A_beyondE,adj_envelope,aasub,subset,DENV2/THAILAND/2002/02934/02,1.601993387133625,1.6276419311593153,1.666927829850719
nnls,thai_map,AA_NS2A_beyondE,adj_envelope,aasub,subset,DENV2/THAILAND/2003/01082/03,0,0.007096645012410583,0.03849670851654134
nnls,thai_map,AA_NS2A_beyondE,adj_envelope,aasub,subset,DENV2/THAILAND/2004/00159/04,0.9206782831034279,0.9769425986476958,1.0169329408090872
nnls,thai_map,AA_NS2A_beyondE,adj_envelope,aasub,subset,DENV2/THAILAND/2004/00248/04,0,0,0
nnls,thai_map,AA_NS2A_beyondE,adj_envelope,aasub,subset,DENV2/THAILAND/2004/00560/04,0.38389188498819987,0.4190608393079177,0.44862531319206517
nnls,thai_map,AA_NS2A_beyondE,adj_envelope,aasub,subset,DENV2/THAILAND/2004/00617/04,1.9126710098541095,1.9569578260987575,2.006135765327558
nnls,thai_map,AA_NS2A_beyondE,adj_envelope,aasub,subset,DENV2/THAILAND/2004/01224/04,0,0,0
nnls,thai_map,AA_NS2A_beyondE,adj_envelope,aasub,subset,DENV2/THAILAND/2004/01462/04,0.17901153106479573,0.22047113902713278,0.24803511317468102
nnls,thai_map,AA_NS2A_beyondE,adj_envelope,aasub,subset,DENV2/THAILAND/2004/01646/04,0,0,0
nnls,thai_map,AA_NS2A_beyondE,adj_envelope,aasub,subset,DENV2/THAILAND/2004/01666/04,0.581724823723053,0.5982238112870848,0.6171188330437131
nnls,thai_map,AA_NS2A_beyondE,adj_envelope,aasub,subset,DENV2/THAILAND/2005/01495/05,1.0197629010367242,1.0563975164352835,1.1026202872173103
nnls,thai_map,AA_NS2A_beyondE,adj_envelope,aasub,subset,DENV2/THAILAND/2005/01574/05,1.5496099085542063,1.5920376292120821,1.6310953636478267
nnls,thai_map,AA_NS2A_beyondE,adj_envelope,aasub,subset,DENV2/THAILAND/2006/00036/06,0.4426139918399693,0.46577820185141755,0.4845566109074043
nnls,thai_map,AA_NS2A_beyondE,adj_envelope,aasub,subset,DENV2/THAILAND/2006/00127/06,1.4495278944555108,1.4792163952803548,1.5220972861735849
nnls,thai_map,AA_NS2A_beyondE,adj_envelope,aasub,subset,DENV2/THAILAND/2006/00444/06,1.3439106343747265,1.3738754207714359,1.406824135488871
nnls,thai_map,AA_NS2A_beyondE,adj_envelope,aasub,subset,DENV2/THAILAND/2006/00525/06,0.3137517422727589,0.3341143952191773,0.3533861882930447
nnls,thai_map,AA_NS2A_beyondE,adj_envelope,aasub,subset,DENV2/THAILAND/2006/00586/06,0,0,0
nnls,thai_map,AA_NS2A_beyondE,adj_envelope,aasub,subset,DENV2/THAILAND/2006/00697/06,0.603618208582212,0.6240959790982099,0.657920006389026
nnls,thai_map,AA_NS2A_beyondE,adj_envelope,aasub,subset,DENV2/THAILAND/2006/02337/06,2.2188507276260183,2.2505458833712404,2.2854543753073244
nnls,thai_map,AA_NS2A_beyondE,adj_envelope,aasub,subset,DENV2/THAILAND/2007/00408/07,0,0,0
nnls,thai_map,AA_NS2A_beyondE,adj_envelope,aasub,subset,DENV2/THAILAND/2007/00496/07,0,0,0
nnls,thai_map,AA_NS2A_beyondE,adj_envelope,aasub,subset,DENV2/THAILAND/2007/00511/07,2.0682229239186194,2.0907470567302284,2.1303320014255562
nnls,thai_map,AA_NS2A_beyondE,adj_envelope,aasub,subset,DENV2/THAILAND/2007/02039/07,0,0,0
nnls,thai_map,AA_NS2A_beyondE,adj_envelope,aasub,subset,DENV2/THAILAND/2007/02071/07,1.2962657615276123,1.3334681517645741,1.3641343702632565
nnls,thai_map,AA_NS2A_beyondE,adj_envelope,aasub,subset,DENV2/THAILAND/2010/00791/10,1.453847062553673,1.4864503851137205,1.5172745063142852
nnls,thai_map,AA_NS2A_beyondE,adj_envelope,aasub,subset,DENV2/THAILAND/2010/01066/10,0.35387589028115873,0.44417782227517794,0.5055873755089323
nnls,thai_map,AA_NS2A_beyondE,adj_envelope,aasub,subset,DENV2/THAILAND/2010/01363/10,0,0,0
nnls,thai_map,AA_NS2A_beyondE,adj_envelope,aasub,subset,DENV2/THAILAND/2010/01549/10,0.7712512729575354,0.8250500887211516,0.8841102044566899
nnls,thai_map,AA_NS2A_beyondE,adj_envelope,aasub,subset,DENV2/THAILAND/2011/00220/11,0.03314397874428266,0.08530439579002955,0.14361392587109248
nnls,thai_map,AA_NS2A_beyondE,adj_envelope,aasub,subset,DENV2/THAILAND/2011/00322/11,0.6772130612772613,0.7526054377898621,0.8431254863096143
nnls,thai_map,AA_NS2A_beyondE,adj_envelope,aasub,subset,DENV2/THAILAND/2011/00556/11,0.22358298242882318,0.2679958379642644,0.31433097793366793
nnls,thai_map,AA_NS2A_beyondE,adj_envelope,aasub,subset,DENV2/THAILAND/2011/01220/11,0,0,0
nnls,thai_map,AA_NS2A_beyondE,adj_envelope,aasub,subset,DENV2/THAILAND/2012/00144/12,0,0,0
nnls,thai_map,AA_NS2A_beyondE,adj_envelope,aasub,subset,DENV2/THAILAND/2012/00258/12,0.6419388027622007,0.6604053539959049,0.6812363698233868
nnls,thai_map,AA_NS2A_beyondE,adj_envelope,aasub,subset,DENV2/THAILAND/2012/01090/12,0.9996816813011957,1.084370726898724,1.1687101416323258
nnls,thai_map,AA_NS2A_beyondE,adj_envelope,aasub,subset,DENV2/THAILAND/2012/01113/12,1.7804419163325325,1.8544902844069404,1.9270038517087869
nnls,thai_map,AA_NS2A_beyondE,adj_envelope,aasub,subset,DENV2/THAILAND/2013/00058/13,0.7764529104462565,0.8444500409928966,0.9032716933055787
nnls,thai_map,AA_NS2A_beyondE,adj_envelope,aasub,subset,DENV2/THAILAND/2013/00280/13,0.7423869286668074,0.791790537378849,0.8394185749243104
nnls,thai_map,AA_NS2A_beyondE,adj_envelope,aasub,subset,DENV2/THAILAND/2013/00662/13,0.6596089284258164,0.7066846292315659,0.7491992218418406
nnls,thai_map,AA_NS2A_beyondE,adj_envelope,aasub,subset,DENV2/THAILAND/2013/00696/13,1.124601997985614,1.1556845641553335,1.1853178610587811
nnls,thai_map,AA_NS2A_beyondE,adj_envelope,aasub,subset,DENV2/THAILAND/2014/00016/14,0.5878586598550644,0.6173079405626574,0.6568793062985486
nnls,thai_map,AA_NS2A_beyondE,adj_envelope,aasub,subset,DENV2/THAILAND/2014/00740/14,0.26538357094407883,0.3550119570453229,0.411360981822822
nnls,thai_map,AA_NS2A_beyondE,adj_envelope,aasub,subset,DENV3/THAILAND/1994/00128/94,1.130091777708177,1.1641594794830756,1.2013841156330036
nnls,thai_map,AA_NS2A_beyondE,adj_envelope,aasub,subset,DENV3/THAILAND/1994/00255/94,0.7125280435970951,0.7359318565572355,0.7647282879925337
nnls,thai_map,AA_NS2A_beyondE,adj_envelope,aasub,subset,DENV3/THAILAND/1994/00831/94,0.5145339592092907,0.5459769391620037,0.585847142664894
nnls,thai_map,AA_NS2A_beyondE,adj_envelope,aasub,subset,DENV3/THAILAND/1994/01311/94,0.7519187446943976,0.7855816223774572,0.8231658811169209
nnls,thai_map,AA_NS2A_beyondE,adj_envelope,aasub,subset,DENV3/THAILAND/1995/00247/95,0.5953370634974919,0.6693581131955504,0.7418663857351486
nnls,thai_map,AA_NS2A_beyondE,adj_envelope,aasub,subset,DENV3/THAILAND/1995/00631/95,0.3778434383732283,0.4026102172190867,0.4308608136758898
nnls,thai_map,AA_NS2A_beyondE,adj_envelope,aasub,subset,DENV3/THAILAND/1995/00780/95,1.5136476254085816,1.5535778145341528,1.5932495377399638
nnls,thai_map,AA_NS2A_beyondE,adj_envelope,aasub,subset,DENV3/THAILAND/1995/01296/95,0.024909139894334766,0.10952000480740079,0.2017204672638684
nnls,thai_map,AA_NS2A_beyondE,adj_envelope,aasub,subset,DENV3/THAILAND/1995/01658/95,1.5492689892968565,1.6048119895152493,1.653006761065027
nnls,thai_map,AA_NS2A_beyondE,adj_envelope,aasub,subset,DENV3/THAILAND/1996/00833/96,0.4235502434270728,0.4744519153500911,0.5369366222911123
nnls,thai_map,AA_NS2A_beyondE,adj_envelope,aasub,subset,DENV3/THAILAND/1996/01528/96,0.6670633620462685,0.7058790136325792,0.7542523346503651
nnls,thai_map,AA_NS2A_beyondE,adj_envelope,aasub,subset,DENV3/THAILAND/1996/01720/96,0.40803259970877825,0.42924068182084063,0.45509424048569064
nnls,thai_map,AA_NS2A_beyondE,adj_envelope,aasub,subset,DENV3/THAILAND/1996/01941/96,0.5859258498439173,0.6100756547406239,0.6356551710355212
nnls,thai_map,AA_NS2A_beyondE,adj_envelope,aasub,subset,DENV3/THAILAND/1997/03080/97,0.16568900931530528,0.3023721719322128,0.38200957631155213
nnls,thai_map,AA_NS2A_beyondE,adj_envelope,aasub,subset,DENV3/THAILAND/1998/00317/98,0.08755198253609126,0.12341506718357134,0.16031624919821458
nnls,thai_map,AA_NS2A_beyondE,adj_envelope,aasub,subset,DENV3/THAILAND/1998/00596/98,1.0483056107785615,1.0921696677456652,1.145950311756566
nnls,thai_map,AA_NS2A_beyondE,adj_envelope,aasub,subset,DENV3/THAILAND/1998/02434/98,0.447085086261505,0.4843609071207658,0.5155319307174031
nnls,thai_map,AA_NS2A_beyondE,adj_envelope,aasub,subset,DENV3/THAILAND/1998/02551/98,0.08824235462800717,0.11421894033937721,0.1390519281910624
nnls,thai_map,AA_NS2A_beyondE,adj_envelope,aasub,subset,DENV3/THAILAND/1998/04187/98,0.2146001941623234,0.24470616911446857,0.26772467359180785
nnls,thai_map,AA_NS2A_beyondE,adj_envelope,aasub,subset,DENV3/THAILAND/1998/04331/98,0.6653577800283489,0.7263808588699348,0.7809144330175907
nnls,thai_map,AA_NS2A_beyondE,adj_envelope,aasub,subset,DENV3/THAILAND/1998/04946/98,0,0,0.01474064858883929
nnls,thai_map,AA_NS2A_beyondE,adj_envelope,aasub,subset,DENV3/THAILAND/1998/06070/98,0.35434733334363344,0.37775448141120216,0.3999173963545055
nnls,thai_map,AA_NS2A_beyondE,adj_envelope,aasub,subset,DENV3/THAILAND/2000/02029/00,0.5413721791681161,0.577414177507916,0.6182647311305925
nnls,thai_map,AA_NS2A_beyondE,adj_envelope,aasub,subset,DENV3/THAILAND/2000/02080/00,1.3759073973078824,1.4258272757263732,1.4813423435995325
nnls,thai_map,AA_NS2A_beyondE,adj_envelope,aasub,subset,DENV3/THAILAND/2000/02242/00,1.182096117540199,1.2415062161787134,1.292094506462159
nnls,thai_map,AA_NS2A_beyondE,adj_envelope,aasub,subset,DENV3/THAILAND/2000/05443/00,1.2149909364351932,1.2672441407509687,1.3107401689558869
nnls,thai_map,AA_NS2A_beyondE,adj_envelope,aasub,subset,DENV3/THAILAND/2000/05499/00,0.9030255799944928,0.9412558352366993,0.9754019622043755
nnls,thai_map,AA_NS2A_beyondE,adj_envelope,aasub,subset,DENV3/THAILAND/2000/05815/00,0.7001543465112905,0.7436562768586288,0.793620735433856
nnls,thai_map,AA_NS2A_beyondE,adj_envelope,aasub,subset,DENV3/THAILAND/2000/06135/00,0,0,0
nnls,thai_map,AA_NS2A_beyondE,adj_envelope,aasub,subset,DENV3/THAILAND/2001/00152/01,0.4711291029304997,0.5062452522395817,0.534020613921045
nnls,thai_map,AA_NS2A_beyondE,adj_envelope,aasub,subset,DENV3/THAILAND/2001/00929/01,0,0.014741728014487008,0.08973169189985561
nnls,thai_map,AA_NS2A_beyondE,adj_envelope,aasub,subset,DENV3/THAILAND/2001/00984/01,0.8992389866050651,0.9234103319016573,0.9558317447634725
nnls,thai_map,AA_NS2A_beyondE,adj_envelope,aasub,subset,DENV3/THAILAND/2001/03291/01,0.9145824566282336,0.9678097180700109,1.0117402516255969
nnls,thai_map,AA_NS2A_beyondE,adj_envelope,aasub,subset,DENV3/THAILAND/2001/04045/01,0.658183973048821,0.6925817180248666,0.725964360344479
nnls,thai_map,AA_NS2A_beyondE,adj_envelope,aasub,subset,DENV3/THAILAND/2001/04945/01,0.6054869967091983,0.6427997982970224,0.6817676839745328
nnls,thai_map,AA_NS2A_beyondE,adj_envelope,aasub,subset,DENV3/THAILAND/2001/05611/01,0.24008546628362804,0.31299758230269814,0.37781061125119486
nnls,thai_map,AA_NS2A_beyondE,adj_envelope,aasub,subset,DENV3/THAILAND/2001/06503/01,0.8018624928455966,0.8436940860539952,0.8825157509575028
nnls,thai_map,AA_NS2A_beyondE,adj_envelope,aasub,subset,DENV3/THAILAND/2002/00059/02,0,0.01113927409969663,0.057363680202808236
nnls,thai_map,AA_NS2A_beyondE,adj_envelope,aasub,subset,DENV3/THAILAND/2002/00104/02,1.0304695311924168,1.061199869964672,1.088371695203708
nnls,thai_map,AA_NS2A_beyondE,adj_envelope,aasub,subset,DENV3/THAILAND/2002/00145/02,1.0362061049113187,1.0614601934296166,1.0971055856243992
nnls,thai_map,AA_NS2A_beyondE,adj_envelope,aasub,subset,DENV3/THAILAND/2002/00501/02,0.23084806882078962,0.2685024185703624,0.30963179292752224
nnls,thai_map,AA_NS2A_beyondE,adj_envelope,aasub,subset,DENV3/THAILAND/2002/00536/02,0.23162271725147726,0.2947194877506752,0.3585357533600988
nnls,thai_map,AA_NS2A_beyondE,adj_envelope,aasub,subset,DENV3/THAILAND/2002/00767/02,0.7741148267040017,0.8646479240579199,0.9456744289940394
nnls,thai_map,AA_NS2A_beyondE,adj_envelope,aasub,subset,DENV3/THAILAND/2002/02173/02,1.0903739814125437,1.1221945936275841,1.1520981912093515
nnls,thai_map,AA_NS2A_beyondE,adj_envelope,aasub,subset,DENV3/THAILAND/2002/03135/02,0.6967041789496198,0.7378069488532212,0.774707859810139
nnls,thai_map,AA_NS2A_beyondE,adj_envelope,aasub,subset,DENV3/THAILAND/2003/01619/03,0.3195872738903653,0.3709387490153079,0.43730384586008075
nnls,thai_map,AA_NS2A_beyondE,adj_envelope,aasub,subset,DENV3/THAILAND/2003/02208/03,0,0,0
nnls,thai_map,AA_NS2A_beyondE,adj_envelope,aasub,subset,DENV3/THAILAND/2004/00441/04,0,0,0
nnls,thai_map,AA_NS2A_beyondE,adj_envelope,aasub,subset,DENV3/THAILAND/2004/00602/04,0,0,0
nnls,thai_map,AA_NS2A_beyondE,adj_envelope,aasub,subset,DENV3/THAILAND/2004/00991/04,0.5601765462811683,0.5933865307897096,0.6272794511764517
nnls,thai_map,AA_NS2A_beyondE,adj_envelope,aasub,subset,DENV3/THAILAND/2004/01144/04,0.9544594485134192,0.9895275668728918,1.026766303246906
nnls,thai_map,AA_NS2A_beyondE,adj_envelope,aasub,subset,DENV3/THAILAND/2004/01184/04,0.5235318019780667,0.5563229453417617,0.5861110229604285
nnls,thai_map,AA_NS2A_beyondE,adj_envelope,aasub,subset,DENV3/THAILAND/2004/01393/04,0.0658913390946842,0.11317074065663746,0.15935295594933954
nnls,thai_map,AA_NS2A_beyondE,adj_envelope,aasub,subset,DENV3/THAILAND/2005/00806/05,0.7077727676735218,0.7421675546992272,0.7682425187503842
nnls,thai_map,AA_NS2A_beyondE,adj_envelope,aasub,subset,DENV3/THAILAND/2005/01491/05,0.5246886196069027,0.5519622436715963,0.5736349311822722
nnls,thai_map,AA_NS2A_beyondE,adj_envelope,aasub,subset,DENV3/THAILAND/2006/00018/06,0,0,0
nnls,thai_map,AA_NS2A_beyondE,adj_envelope,aasub,subset,DENV3/THAILAND/2006/00588/06,0.2635494896409171,0.303267080542215,0.35434962268174425
nnls,thai_map,AA_NS2A_beyondE,adj_envelope,aasub,subset,DENV3/THAILAND/2006/01067/06,0.45889534511754876,0.47757521492527133,0.5016576404550461
nnls,thai_map,AA_NS2A_beyondE,adj_envelope,aasub,subset,DENV3/THAILAND/2006/01128/06,1.0635096405468878,1.1001818818451543,1.1378365124502752
nnls,thai_map,AA_NS2A_beyondE,adj_envelope,aasub,subset,DENV3/THAILAND/2006/01373/06,0,0,0
nnls,thai_map,AA_NS2A_beyondE,adj_envelope,aasub,subset,DENV3/THAILAND/2006/01375/06,1.3759754491906118,1.403630100325449,1.444351406017118
nnls,thai_map,AA_NS2A_beyondE,adj_envelope,aasub,subset,DENV3/THAILAND/2006/02042/06,0.5384738563886589,0.5614754648139819,0.591164491331992
nnls,thai_map,AA_NS2A_beyondE,adj_envelope,aasub,subset,DENV3/THAILAND/2006/02121/06,0.7204324189610724,0.8527280412891363,1.0072568595698463
nnls,thai_map,AA_NS2A_beyondE,adj_envelope,aasub,subset,DENV3/THAILAND/2006/02341/06,0.41795652278153966,0.4439535900990489,0.47478259250076893
nnls,thai_map,AA_NS2A_beyondE,adj_envelope,aasub,subset,DENV3/THAILAND/2006/02485/06,0,0.09513854483556483,0.27928337274343085
nnls,thai_map,AA_NS2A_beyondE,adj_envelope,aasub,subset,DENV3/THAILAND/2006/02678/06,2.3977092870106371e-4,0.04823492619653078,0.10035653010992437
nnls,thai_map,AA_NS2A_beyondE,adj_envelope,aasub,subset,DENV3/THAILAND/2006/02784/06,1.0104076054990043,1.034904597934898,1.0610542923717001
nnls,thai_map,AA_NS2A_beyondE,adj_envelope,aasub,subset,DENV3/THAILAND/2008/01398/08,0.7616376255064738,0.8043678690375227,0.8375913092731873
nnls,thai_map,AA_NS2A_beyondE,adj_envelope,aasub,subset,DENV3/THAILAND/2009/00702/09,0.594616751323942,0.6206794116890502,0.6547690523212625
nnls,thai_map,AA_NS2A_beyondE,adj_envelope,aasub,subset,DENV3/THAILAND/2009/01231/09,1.158602703964506,1.2640883480337828,1.355602813652292
nnls,thai_map,AA_NS2A_beyondE,adj_envelope,aasub,subset,DENV3/THAILAND/2010/00075/10,0.15624482775631388,0.21061369902946786,0.26506895135003977
nnls,thai_map,AA_NS2A_beyondE,adj_envelope,aasub,subset,DENV3/THAILAND/2010/01385/10,0.5131717327039556,0.5495317099485735,0.6044418778888331
nnls,thai_map,AA_NS2A_beyondE,adj_envelope,aasub,subset,DENV3/THAILAND/2010/01575/10,1.0449856688785906,1.113058022142969,1.1885612081086954
nnls,thai_map,AA_NS2A_beyondE,adj_envelope,aasub,subset,DENV3/THAILAND/2010/01601/10,1.1580026348468824,1.2174791197445913,1.2720013923258833
nnls,thai_map,AA_NS2A_beyondE,adj_envelope,aasub,subset,DENV3/THAILAND/2011/00209/11,0.06554391337537571,0.17420087687352184,0.25895545216982396
nnls,thai_map,AA_NS2A_beyondE,adj_envelope,aasub,subset,DENV3/THAILAND/2011/00323/11,1.3962955020693517,1.4220618641025489,1.4525701832733815
nnls,thai_map,AA_NS2A_beyondE,adj_envelope,aasub,subset,DENV3/THAILAND/2011/01035/11,1.1005605931087599,1.1216256546675942,1.1625964086574307
nnls,thai_map,AA_NS2A_beyondE,adj_envelope,aasub,subset,DENV3/THAILAND/2011/01278/11,0.8726271986220729,0.9259157631793716,0.974905984979589
nnls,thai_map,AA_NS2A_beyondE,adj_envelope,aasub,subset,DENV3/THAILAND/2012/00608/12,0.7909737415629028,0.8297784188165245,0.8905023058649351
nnls,thai_map,AA_NS2A_beyondE,adj_envelope,aasub,subset,DENV3/THAILAND/2012/00817/12,0.5121023548478936,0.5570080530670467,0.612567907598816
nnls,thai_map,AA_NS2A_beyondE,adj_envelope,aasub,subset,DENV3/THAILAND/2012/01094/12,0.5703341492863543,0.5977069164869452,0.6383609529188041
nnls,thai_map,AA_NS2A_beyondE,adj_envelope,aasub,subset,DENV3/THAILAND/2012/01106/12,0.2275700556758799,0.2531453720709621,0.29216207397083427
nnls,thai_map,AA_NS2A_beyondE,adj_envelope,aasub,subset,DENV3/THAILAND/2013/00065/13,0.04146241642203999,0.11264130458727722,0.18327078372489866
nnls,thai_map,AA_NS2A_beyondE,adj_envelope,aasub,subset,DENV3/THAILAND/2013/00693/13,0.6572965730653032,0.7031038435120192,0.7494828159758038
nnls,thai_map,AA_NS2A_beyondE,adj_envelope,aasub,subset,DENV3/THAILAND/2013/00695/13,0.5318890153873312,0.5805409468933744,0.6557963442916327
nnls,thai_map,AA_NS2A_beyondE,adj_envelope,aasub,subset,DENV3/THAILAND/2013/00910/13,0.4986046986774368,0.5254711426480715,0.558007012100399
nnls,thai_map,AA_NS2A_beyondE,adj_envelope,aasub,subset,DENV3/THAILAND/2014/00146/14,0,0.015866341861964152,0.050466041645111606
nnls,thai_map,AA_NS2A_beyondE,adj_envelope,aasub,subset,DENV3/THAILAND/2014/00560/14,0,0,0.03871328617837223
nnls,thai_map,AA_NS2A_beyondE,adj_envelope,aasub,subset,DENV3/THAILAND/2014/00654/14,0.4491763669468501,0.5068692272946287,0.5533660873684563
nnls,thai_map,AA_NS2A_beyondE,adj_envelope,aasub,subset,DENV3/THAILAND/2014/00739/14,0.7348312040345761,0.7594015901812419,0.7936799935461001
nnls,thai_map,AA_NS2A_beyondE,adj_envelope,aasub,subset,DENV4/THAILAND/1994/00329/94,0.3239173510677376,0.3761617654103113,0.4336515683586322
nnls,thai_map,AA_NS2A_beyondE,adj_envelope,aasub,subset,DENV4/THAILAND/1994/00615/94,0.260460096857978,0.3113349612597741,0.3528030920354578
nnls,thai_map,AA_NS2A_beyondE,adj_envelope,aasub,subset,DENV4/THAILAND/1995/00036/95,0.8268817202000817,1.0108592562633125,1.1431336585731833
nnls,thai_map,AA_NS2A_beyondE,adj_envelope,aasub,subset,DENV4/THAILAND/1995/00241/95,0,0,0
nnls,thai_map,AA_NS2A_beyondE,adj_envelope,aasub,subset,DENV4/THAILAND/1995/00425/95,0.2816860056141792,0.3865489630528472,0.46466061380700463
nnls,thai_map,AA_NS2A_beyondE,adj_envelope,aasub,subset,DENV4/THAILAND/1995/00458/95,0.1443845313148137,0.17312877027775858,0.20055293924219691
nnls,thai_map,AA_NS2A_beyondE,adj_envelope,aasub,subset,DENV4/THAILAND/1995/01569/95,0.3023730023486401,0.3273715788370526,0.3556332669029695
nnls,thai_map,AA_NS2A_beyondE,adj_envelope,aasub,subset,DENV4/THAILAND/1996/01129/96,0.7198032299686312,0.7505472407405847,0.7799594987491005
nnls,thai_map,AA_NS2A_beyondE,adj_envelope,aasub,subset,DENV4/THAILAND/1996/01626/96,0.5485937457561874,0.5712695763165352,0.5959151649382508
nnls,thai_map,AA_NS2A_beyondE,adj_envelope,aasub,subset,DENV4/THAILAND/1997/00049/97,0.2739377008841248,0.3148875090291386,0.3566175580741578
nnls,thai_map,AA_NS2A_beyondE,adj_envelope,aasub,subset,DENV4/THAILAND/1997/02739/97,0.1482720615020612,0.1702704631837269,0.20000211858046968
nnls,thai_map,AA_NS2A_beyondE,adj_envelope,aasub,subset,DENV4/THAILAND/1998/04634/98,0.6186889112956142,0.6456413668530578,0.6730808011003594
nnls,thai_map,AA_NS2A_beyondE,adj_envelope,aasub,subset,DENV4/THAILAND/1998/04786/98,0,0,0
nnls,thai_map,AA_NS2A_beyondE,adj_envelope,aasub,subset,DENV4/THAILAND/1998/06181/98,0.311485093246591,0.33652793556985694,0.36697433139744284
nnls,thai_map,AA_NS2A_beyondE,adj_envelope,aasub,subset,DENV4/THAILAND/1998/06523/98,0,0,0
nnls,thai_map,AA_NS2A_beyondE,adj_envelope,aasub,subset,DENV4/THAILAND/1998/06564/98,0.09863918953965459,0.13726594074950152,0.1748961941344766
nnls,thai_map,AA_NS2A_beyondE,adj_envelope,aasub,subset,DENV4/THAILAND/1999/04390/99,0.9157325646571622,0.9401223555377332,0.9756177980589051
nnls,thai_map,AA_NS2A_beyondE,adj_envelope,aasub,subset,DENV4/THAILAND/1999/05538/99,1.9023013959673474,1.9491771651858505,1.9857095518833026
nnls,thai_map,AA_NS2A_beyondE,adj_envelope,aasub,subset,DENV4/THAILAND/2000/02021/00,2.393013812634489,2.4320235691709073,2.4683145448655948
nnls,thai_map,AA_NS2A_beyondE,adj_envelope,aasub,subset,DENV4/THAILAND/2000/02143/00,0.5457549126187982,0.5673003540472175,0.5993997510843503
nnls,thai_map,AA_NS2A_beyondE,adj_envelope,aasub,subset,DENV4/THAILAND/2000/05496/00,0,0,0
nnls,thai_map,AA_NS2A_beyondE,adj_envelope,aasub,subset,DENV4/THAILAND/2000/05997/00,0.0936441262099493,0.1319568036612882,0.16386149012336323
nnls,thai_map,AA_NS2A_beyondE,adj_envelope,aasub,subset,DENV4/THAILAND/2001/00103/01,0.007918070099123469,0.036677814116627495,0.06651965472367417
nnls,thai_map,AA_NS2A_beyondE,adj_envelope,aasub,subset,DENV4/THAILAND/2001/00886/01,0.39523662473513654,0.44437495030665336,0.4944354892462277
nnls,thai_map,AA_NS2A_beyondE,adj_envelope,aasub,subset,DENV4/THAILAND/2001/04094/01,0.8335908440606392,0.9127413762497711,1.0135512880472466
nnls,thai_map,AA_NS2A_beyondE,adj_envelope,aasub,subset,DENV4/THAILAND/2001/04134/01,1.1292700517433425,1.166718164320903,1.2106861091733587
nnls,thai_map,AA_NS2A_beyondE,adj_envelope,aasub,subset,DENV4/THAILAND/2001/05386/01,1.280600922041737,1.328991015939936,1.3676347795713713
nnls,thai_map,AA_NS2A_beyondE,adj_envelope,aasub,subset,DENV4/THAILAND/2001/06019/01,0,0.04334881190103537,0.08035210568208676
nnls,thai_map,AA_NS2A_beyondE,adj_envelope,aasub,subset,DENV4/THAILAND/2001/06949/01,0,0,0
nnls,thai_map,AA_NS2A_beyondE,adj_envelope,aasub,subset,DENV4/THAILAND/2002/01222/02,1.5718044130864883,1.5998643432301585,1.6343835450791424
nnls,thai_map,AA_NS2A_beyondE,adj_envelope,aasub,subset,DENV4/THAILAND/2002/03060/02,0.5916135433688876,0.6176964881432372,0.6490113443863512
nnls,thai_map,AA_NS2A_beyondE,adj_envelope,aasub,subset,DENV4/THAILAND/2002/03096/02,0.5542938580667509,0.5764107192013141,0.6032469577512093
nnls,thai_map,AA_NS2A_beyondE,adj_envelope,aasub,subset,DENV4/THAILAND/2002/03113/02,0.203622855895424,0.23255277513113687,0.2606177371681947
nnls,thai_map,AA_NS2A_beyondE,adj_envelope,aasub,subset,DENV4/THAILAND/2002/03169/02,0,0,0
nnls,thai_map,AA_NS2A_beyondE,adj_envelope,aasub,subset,DENV4/THAILAND/2003/02207/03,0.10795669203251847,0.30270395522527427,0.4351129962329836
nnls,thai_map,AA_NS2A_beyondE,adj_envelope,aasub,subset,DENV4/THAILAND/2003/02377/03,4.780072402621396e-4,0.03247303983131078,0.06284882715718558
nnls,thai_map,AA_NS2A_beyondE,adj_envelope,aasub,subset,DENV4/THAILAND/2004/00217/04,0.1728217327710191,0.2146041023774204,0.2379205826399794
nnls,thai_map,AA_NS2A_beyondE,adj_envelope,aasub,subset,DENV4/THAILAND/2004/00624/04,0.23808809481899118,0.2645323440073944,0.2855709096884276
nnls,thai_map,AA_NS2A_beyondE,adj_envelope,aasub,subset,DENV4/THAILAND/2004/00965/04,0.3582374196898301,0.40992758447507716,0.44906175670758536
nnls,thai_map,AA_NS2A_beyondE,adj_envelope,aasub,subset,DENV4/THAILAND/2004/01315/04,0.17370489098297628,0.21075474949414336,0.2485687630268688
nnls,thai_map,AA_NS2A_beyondE,adj_envelope,aasub,subset,DENV4/THAILAND/2004/01369/04,0.4826824731109046,0.5126543388716613,0.5393684341120569
nnls,thai_map,AA_NS2A_beyondE,adj_envelope,aasub,subset,DENV4/THAILAND/2004/01544/04,0.34166452337887215,0.517652575575529,0.6522730428634524
nnls,thai_map,AA_NS2A_beyondE,adj_envelope,aasub,subset,DENV4/THAILAND/2005/00201/05,0.42177245667688146,0.45002838142676027,0.4704472427160121
nnls,thai_map,AA_NS2A_beyondE,adj_envelope,aasub,subset,DENV4/THAILAND/2006/00047/06,0,0,0
nnls,thai_map,AA_NS2A_beyondE,adj_envelope,aasub,subset,DENV4/THAILAND/2006/00189/06,0.40746405172814026,0.4737479328275472,0.526893178953457
nnls,thai_map,AA_NS2A_beyondE,adj_envelope,aasub,subset,DENV4/THAILAND/2006/00356/06,1.2173598009765005,1.2439016265218181,1.274831615513211
nnls,thai_map,AA_NS2A_beyondE,adj_envelope,aasub,subset,DENV4/THAILAND/2006/00533/06,0.17381848678628603,0.20136127824409816,0.23708110358506207
nnls,thai_map,AA_NS2A_beyondE,adj_envelope,aasub,subset,DENV4/THAILAND/2006/00578/06,0.5427167936962929,0.5642226256111179,0.5948542445228538
nnls,thai_map,AA_NS2A_beyondE,adj_envelope,aasub,subset,DENV4/THAILAND/2006/00617/06,0.3347855895122403,0.36298850034383146,0.38782743487560506
nnls,thai_map,AA_NS2A_beyondE,adj_envelope,aasub,subset,DENV4/THAILAND/2006/01881/06,0.9482965378300383,0.9963407702582843,1.0434754550503242
nnls,thai_map,AA_NS2A_beyondE,adj_envelope,aasub,subset,DENV4/THAILAND/2006/02190/06,0.4364433719732924,0.4688678964967007,0.49261712811585734
nnls,thai_map,AA_NS2A_beyondE,adj_envelope,aasub,subset,DENV4/THAILAND/2006/02540/06,1.0168667420672834,1.0600690729306173,1.0948375602638558
nnls,thai_map,AA_NS2A_beyondE,adj_envelope,aasub,subset,DENV4/THAILAND/2007/00119/07,0.3350421754168673,0.3915876523437075,0.42507041824909975
nnls,thai_map,AA_NS2A_beyondE,adj_envelope,aasub,subset,DENV4/THAILAND/2007/00504/07,0.9686375018411433,1.0051719268223458,1.0477155168721892
nnls,thai_map,AA_NS2A_beyondE,adj_envelope,aasub,subset,DENV4/THAILAND/2007/00694/07,0.2613647250354382,0.2912488284285194,0.34055795006096035
nnls,thai_map,AA_NS2A_beyondE,adj_envelope,aasub,subset,DENV4/THAILAND/2007/01101/07,0.9512272302705673,0.9946059206617703,1.0385547961376334
nnls,thai_map,AA_NS2A_beyondE,adj_envelope,aasub,subset,DENV4/THAILAND/2007/01118/07,0.19441473284649485,0.24930784856682286,0.29055659982029697
nnls,thai_map,AA_NS2A_beyondE,adj_envelope,aasub,subset,DENV4/THAILAND/2007/01391/07,0.16718903778882654,0.20020799016585905,0.23519413516116272
nnls,thai_map,AA_NS2A_beyondE,adj_envelope,aasub,subset,DENV4/THAILAND/2007/01840/07,0.7669552601635727,0.7946315546193158,0.8310369760440739
nnls,thai_map,AA_NS2A_beyondE,adj_envelope,aasub,subset,DENV4/THAILAND/2007/01991/07,0.985331976814298,1.0200506415773387,1.0641113033712268
nnls,thai_map,AA_NS2A_beyondE,adj_envelope,aasub,subset,DENV4/THAILAND/2007/01993/07,0.08687642741747337,0.14273400101368997,0.18788935770638243
nnls,thai_map,AA_NS2A_beyondE,adj_envelope,aasub,subset,DENV4/THAILAND/2007/02392/07,0.5724316182543899,0.6042666911981112,0.6499998895010453
nnls,thai_map,AA_NS2A_beyondE,adj_envelope,aasub,subset,DENV4/THAILAND/2008/00274/08,0.49338340958465676,0.531379322988356,0.5630611685000702
nnls,thai_map,AA_NS2A_beyondE,adj_envelope,aasub,subset,DENV4/THAILAND/2008/00471/08,1.1665736182275552,1.2161570192646076,1.2774565025566105
nnls,thai_map,AA_NS2A_beyondE,adj_envelope,aasub,subset,DENV4/THAILAND/2008/01380/08,0.06799971693645876,0.12139411214504175,0.1837374730801724
nnls,thai_map,AA_NS2A_beyondE,adj_envelope,aasub,subset,DENV4/THAILAND/2008/01387/08,0,0,6.160023413376157e-4
nnls,thai_map,AA_NS2A_beyondE,adj_envelope,aasub,subset,DENV4/THAILAND/2008/02023/08,0.35906172520347013,0.4159018185145543,0.4666551949366622
nnls,thai_map,AA_NS2A_beyondE,adj_envelope,aasub,subset,DENV4/THAILAND/2009/00781/09,0.27206528178902273,0.30208337957994885,0.33097650940334655
nnls,thai_map,AA_NS2A_beyondE,adj_envelope,aasub,subset,DENV4/THAILAND/2009/01432/09,0.7192207191696297,0.752152043830557,0.8014218692457503
nnls,thai_map,AA_NS2A_beyondE,adj_envelope,aasub,subset,DENV4/THAILAND/2009/01559/09,1.8507301144510921,1.8894312634096337,1.9343780420838699
nnls,thai_map,AA_NS2A_beyondE,adj_envelope,aasub,subset,DENV4/THAILAND/2010/00249/10,0.6791870483642637,0.7490514355325044,0.8190903656409834
nnls,thai_map,AA_NS2A_beyondE,adj_envelope,aasub,subset,DENV4/THAILAND/2010/00283/10,0.39426446956141814,0.4863632253301421,0.547193652576984
nnls,thai_map,AA_NS2A_beyondE,adj_envelope,aasub,subset,DENV4/THAILAND/2010/00780/10,1.1289537491713344,1.1794789295886754,1.2137868792601856
nnls,thai_map,AA_NS2A_beyondE,adj_envelope,aasub,subset,DENV4/THAILAND/2010/01270/10,1.560432245854233,1.594778552353145,1.6297920279519336
nnls,thai_map,AA_NS2A_beyondE,adj_envelope,aasub,subset,DENV4/THAILAND/2010/01513/10,0.7559577517126983,0.798071850807668,0.8431914823754418
nnls,thai_map,AA_NS2A_beyondE,adj_envelope,aasub,subset,DENV4/THAILAND/2010/01677/10,0.9486510599365655,1.0623379265751158,1.1348061642556173
nnls,thai_map,AA_NS2A_beyondE,adj_envelope,aasub,subset,DENV4/THAILAND/2011/00251/11,1.447068446991075,1.4836744361862821,1.5345237235410605
nnls,thai_map,AA_NS2A_beyondE,adj_envelope,aasub,subset,DENV4/THAILAND/2011/00257/11,1.6708907317452693,1.720113035578748,1.7598114300650125
nnls,thai_map,AA_NS2A_beyondE,adj_envelope,aasub,subset,DENV4/THAILAND/2011/00369/11,0.2639121657626305,0.30433760959235834,0.33310589266637125
nnls,thai_map,AA_NS2A_beyondE,adj_envelope,aasub,subset,DENV4/THAILAND/2011/00477/11,0.5718159820402096,0.6144184205151283,0.6623828572122551
nnls,thai_map,AA_NS2A_beyondE,adj_envelope,aasub,subset,DENV4/THAILAND/2012/00112/12,0.7501863165259144,0.7945790425457676,0.8343660480266237
nnls,thai_map,AA_NS2A_beyondE,adj_envelope,aasub,subset,DENV4/THAILAND/2012/00637/12,1.0287017158771439,1.0830329940266235,1.1508281455967628
nnls,thai_map,AA_NS2A_beyondE,adj_envelope,aasub,subset,DENV4/THAILAND/2012/01104/12,0.9446173688481805,0.9795932459045178,1.0054257354565752
nnls,thai_map,AA_NS2A_beyondE,adj_envelope,aasub,subset,DENV4/THAILAND/2013/00300/13,0.07201178327733715,0.19006934270319348,0.2779507227521223
nnls,thai_map,AA_NS2A_beyondE,adj_envelope,aasub,subset,DENV4/THAILAND/2013/00691/13,1.0423844845218913,1.0960036666647865,1.1510090262916022
nnls,thai_map,AA_NS2A_beyondE,adj_envelope,aasub,subset,DENV4/THAILAND/2013/00801/13,0.3817087901867646,0.5081961848447794,0.5386127989041087
nnls,thai_map,AA_NS2A_beyondE,adj_envelope,aasub,subset,DENV4/THAILAND/2013/01012/13,1.427953181981952,1.4779369723074158,1.5160671333727453
nnls,thai_map,AA_NS2A_beyondE,adj_envelope,aasub,subset,DENV4/THAILAND/2014/00214/14,1.641042344551162,1.6794341118821476,1.7149940417947414
nnls,thai_map,AA_NS2A_beyondE,adj_envelope,aasub,subset,DENV4/THAILAND/2014/00555/14,0.4413165261608505,0.48165595962486085,0.5135863472274587
nnls,thai_map,AA_NS2A_beyondE,adj_envelope,aasub,subset,DENV4/THAILAND/2014/00595/14,0.6450033732774946,0.7133162133827039,0.7623526582656476
nnls,thai_map,AA_NS2A_beyondE,adj_envelope,aasub,subset,DENV4/THAILAND/2014/00615/14,0.34569776075132297,0.3809130153918446,0.4158369237368791
